"Date ","series ","OPEN ","HIGH ","LOW ","PREV. CLOSE ","ltp ","close ","vwap ","52W H ","52W L ","VOLUME ","VALUE ","No of trades "
"30-Aug-2007","EQ","1,042.00","1,059.00","1,025.00","1,031.60","1,051.05","1,046.00","1,039.99","1,388.95","949.00","17,50,793","1,82,08,08,719.90","-"
"29-Aug-2007","EQ","1,020.00","1,039.80","1,001.00","1,028.75","1,032.00","1,031.60","1,024.46","1,388.95","949.00","7,99,172","81,87,17,149.45","-"
"28-Aug-2007","EQ","1,036.00","1,039.00","1,011.00","1,026.50","1,026.50","1,028.75","1,025.95","1,388.95","949.00","5,65,876","58,05,58,557.30","-"
"27-Aug-2007","EQ","1,024.95","1,038.80","1,020.05","1,018.40","1,025.00","1,026.50","1,027.20","1,388.95","949.00","6,66,714","68,48,51,187.35","-"
"24-Aug-2007","EQ","1,015.00","1,026.50","999.50","1,007.90","1,016.80","1,018.40","1,012.17","1,388.95","949.00","4,81,743","48,76,07,078.45","-"
"23-Aug-2007","EQ","1,032.00","1,048.00","1,004.00","1,025.90","1,012.55","1,007.90","1,023.99","1,388.95","949.00","7,78,437","79,71,13,092.70","-"
"22-Aug-2007","EQ","1,020.00","1,032.70","996.00","1,015.25","1,024.00","1,025.90","1,017.87","1,388.95","949.00","9,56,655","97,37,46,798.25","-"
"21-Aug-2007","EQ","1,076.50","1,076.50","1,004.50","1,055.55","1,014.00","1,015.25","1,025.53","1,388.95","949.00","10,90,841","1,11,86,89,023.05","-"
"20-Aug-2007","EQ","1,083.50","1,099.40","1,051.10","1,056.15","1,053.10","1,055.55","1,066.21","1,388.95","949.00","10,96,711","1,16,93,26,695.30","-"
"17-Aug-2007","EQ","1,088.00","1,093.00","1,039.20","1,088.00","1,057.00","1,056.15","1,063.04","1,388.95","949.00","17,25,276","1,83,40,35,106.10","-"
"16-Aug-2007","EQ","1,100.00","1,119.60","1,085.00","1,130.25","1,086.60","1,088.00","1,098.59","1,388.95","949.00","16,65,780","1,83,00,05,200.30","-"
"14-Aug-2007","EQ","1,135.00","1,140.00","1,120.00","1,134.50","1,132.15","1,130.25","1,129.16","1,388.95","949.00","3,05,699","34,51,83,916.85","-"
"13-Aug-2007","EQ","1,150.00","1,150.00","1,125.15","1,144.50","1,135.25","1,134.50","1,138.47","1,388.95","949.00","3,01,381","34,31,13,200.25","-"
"10-Aug-2007","EQ","1,115.00","1,153.50","1,080.40","1,145.70","1,143.00","1,144.50","1,120.31","1,388.95","931.00","15,72,640","1,76,18,37,774.60","-"
"09-Aug-2007","EQ","1,160.00","1,188.85","1,135.20","1,152.60","1,140.00","1,145.70","1,165.50","1,388.95","931.00","12,68,609","1,47,85,62,894.35","-"
"08-Aug-2007","EQ","1,150.00","1,169.00","1,118.00","1,109.30","1,156.50","1,152.60","1,156.40","1,388.95","931.00","10,13,791","1,17,23,49,480.60","-"
"07-Aug-2007","EQ","1,113.10","1,117.80","1,094.10","1,099.45","1,107.00","1,109.30","1,105.54","1,388.95","931.00","7,46,303","82,50,69,636.55","-"
"06-Aug-2007","EQ","1,090.00","1,118.00","1,074.00","1,096.90","1,105.00","1,099.45","1,093.77","1,388.95","931.00","6,84,387","74,85,64,136.75","-"
"03-Aug-2007","EQ","1,114.00","1,114.00","1,083.10","1,095.15","1,096.00","1,096.90","1,096.69","1,388.95","863.00","4,98,439","54,66,34,894.75","-"
"02-Aug-2007","EQ","1,120.00","1,124.50","1,090.00","1,115.15","1,103.00","1,095.15","1,104.91","1,388.95","863.00","4,78,002","52,81,51,294.70","-"
"01-Aug-2007","EQ","1,140.00","1,145.00","1,110.30","1,156.30","1,114.00","1,115.15","1,117.60","1,388.95","863.00","11,00,859","1,23,03,17,188.25","-"
"31-Jul-2007","EQ","1,151.00","1,162.00","1,130.00","1,136.45","1,145.40","1,156.30","1,145.67","1,388.95","863.00","8,04,635","92,18,45,707.65","-"
"30-Jul-2007","EQ","1,150.00","1,170.00","1,130.25","1,153.00","1,132.70","1,136.45","1,144.97","1,388.95","863.00","4,58,962","52,54,97,664.85","-"
"27-Jul-2007","EQ","1,160.00","1,175.00","1,126.00","1,189.10","1,156.00","1,153.00","1,163.46","1,919.95","863.00","8,00,809","93,17,07,360.05","-"
"26-Jul-2007","EQ","1,155.00","1,210.00","1,145.10","1,148.20","1,187.00","1,189.10","1,174.94","1,919.95","863.00","15,00,701","1,76,32,35,320.40","-"
"25-Jul-2007","EQ","1,168.00","1,171.00","1,145.00","1,171.90","1,149.90","1,148.20","1,152.90","1,919.95","863.00","6,67,543","76,96,09,047.30","-"
"24-Jul-2007","EQ","1,189.90","1,192.00","1,167.00","1,190.95","1,171.10","1,171.90","1,175.69","1,919.95","863.00","7,81,794","91,91,49,328.60","-"
"23-Jul-2007","EQ","1,169.80","1,195.00","1,162.10","1,175.90","1,184.90","1,190.95","1,183.04","1,919.95","863.00","11,79,114","1,39,49,40,752.45","-"
"20-Jul-2007","EQ","1,189.00","1,189.95","1,167.40","1,182.20","1,173.95","1,175.90","1,179.14","1,950.00","863.00","9,36,233","1,10,39,52,226.00","-"
"19-Jul-2007","EQ","1,167.00","1,185.00","1,165.50","1,166.65","1,184.80","1,182.20","1,175.30","1,950.00","863.00","10,18,878","1,19,74,90,156.40","-"
"18-Jul-2007","EQ","1,157.00","1,170.00","1,147.35","1,155.75","1,167.00","1,166.65","1,160.63","1,950.00","863.00","10,92,795","1,26,83,30,675.90","-"
"17-Jul-2007","EQ","1,175.80","1,175.80","1,150.00","1,128.30","1,150.60","1,155.75","1,159.42","1,950.00","863.00","15,41,172","1,78,68,70,834.00","-"
"16-Jul-2007","EQ","1,135.00","1,138.00","1,114.00","1,136.00","1,125.25","1,128.30","1,122.16","1,950.00","863.00","9,97,560","1,11,94,25,590.30","-"
"13-Jul-2007","EQ","1,236.10","1,261.50","1,130.25","1,162.55","1,133.00","1,136.00","1,140.76","1,950.00","863.00","14,46,162","1,64,97,17,910.55","-"
"12-Jul-2007","EQ","1,155.00","1,169.00","1,134.00","1,148.90","1,159.00","1,162.55","1,146.54","1,950.00","863.00","14,40,986","1,65,21,55,293.20","-"
"11-Jul-2007","EQ","1,182.00","1,185.00","1,100.00","1,183.15","1,152.20","1,148.90","1,147.47","1,950.00","863.00","15,15,531","1,73,90,25,953.80","-"
"10-Jul-2007","EQ","1,185.00","1,200.00","1,168.00","1,176.75","1,188.00","1,183.15","1,187.98","1,950.00","863.00","18,73,242","2,22,53,81,688.65","-"
"09-Jul-2007","EQ","1,168.40","1,182.40","1,165.00","1,158.65","1,175.00","1,176.75","1,171.34","1,950.00","863.00","13,39,942","1,56,95,32,308.35","-"
"06-Jul-2007","EQ","1,115.00","1,164.90","1,100.10","1,111.65","1,156.00","1,158.65","1,142.34","1,950.00","863.00","19,01,421","2,17,20,74,453.50","-"
"05-Jul-2007","EQ","1,128.20","1,128.20","1,100.80","1,117.65","1,110.95","1,111.65","1,111.18","1,950.00","863.00","7,94,801","88,31,69,333.95","-"
"04-Jul-2007","EQ","1,128.00","1,140.00","1,116.00","1,127.60","1,116.90","1,117.65","1,121.19","1,950.00","863.00","6,03,866","67,70,48,388.60","-"
"03-Jul-2007","EQ","1,150.00","1,150.00","1,124.00","1,134.45","1,126.05","1,127.60","1,129.91","1,950.00","863.00","4,57,342","51,67,53,370.95","-"
"02-Jul-2007","EQ","1,153.00","1,153.00","1,131.00","1,149.35","1,135.00","1,134.45","1,141.93","1,950.00","863.00","3,69,288","42,17,00,859.85","-"
"29-Jun-2007","EQ","1,141.00","1,156.00","1,140.05","1,136.85","1,149.00","1,149.35","1,146.34","1,950.00","863.00","7,51,114","86,10,32,519.45","-"
"28-Jun-2007","EQ","1,143.95","1,143.95","1,125.00","1,133.15","1,139.00","1,136.85","1,132.93","1,950.00","863.00","10,85,698","1,23,00,20,513.70","-"
"27-Jun-2007","EQ","1,129.90","1,138.70","1,124.00","1,121.75","1,132.00","1,133.15","1,130.64","1,950.00","863.00","7,39,174","83,57,38,810.00","-"
"26-Jun-2007","EQ","1,131.00","1,140.00","1,117.85","1,125.75","1,118.45","1,121.75","1,129.18","1,950.00","863.00","7,08,186","79,96,71,117.80","-"
"25-Jun-2007","EQ","1,139.95","1,150.00","1,118.75","1,139.95","1,123.10","1,125.75","1,126.89","1,950.00","863.00","7,00,944","78,98,90,196.80","-"
"22-Jun-2007","EQ","1,145.00","1,155.00","1,134.50","1,145.60","1,138.05","1,139.95","1,139.82","1,950.00","863.00","6,69,326","76,29,11,032.70","-"
"21-Jun-2007","EQ","1,145.00","1,150.80","1,130.00","1,147.00","1,145.50","1,145.60","1,141.64","1,950.00","863.00","7,60,932","86,87,13,243.05","-"
"20-Jun-2007","EQ","1,161.00","1,173.00","1,141.00","1,160.00","1,146.00","1,147.00","1,153.00","1,950.00","863.00","10,06,242","1,16,01,98,772.05","-"
"19-Jun-2007","EQ","1,165.10","1,165.50","1,143.30","1,162.60","1,161.00","1,160.00","1,153.54","1,950.00","863.00","8,73,859","1,00,80,30,092.05","-"
"18-Jun-2007","EQ","1,193.00","1,195.00","1,160.00","1,184.40","1,162.00","1,162.60","1,171.77","1,950.00","863.00","7,18,614","84,20,52,987.60","-"
"15-Jun-2007","EQ","1,220.00","1,220.00","1,180.00","1,204.55","1,181.10","1,184.40","1,192.99","1,950.00","863.00","12,45,788","1,48,62,07,567.25","-"
"14-Jun-2007","EQ","1,210.00","1,220.00","1,201.30","1,203.25","1,204.05","1,204.55","1,206.76","1,950.00","863.00","10,44,017","1,25,98,73,398.50","-"
"13-Jun-2007","EQ","1,219.00","1,220.00","1,193.30","1,217.35","1,207.00","1,203.25","1,208.06","1,950.00","863.00","4,42,122","53,41,08,534.70","-"
"12-Jun-2007","EQ","1,210.00","1,230.00","1,200.00","1,221.35","1,217.00","1,217.35","1,213.33","1,950.00","863.00","3,50,518","42,52,92,970.25","-"
"11-Jun-2007","EQ","1,236.55","1,239.40","1,218.05","1,220.10","1,218.05","1,221.35","1,228.13","1,950.00","863.00","6,62,034","81,30,65,053.85","-"
"08-Jun-2007","EQ","1,206.50","1,230.50","1,190.00","1,207.00","1,220.00","1,220.10","1,218.38","1,950.00","863.00","15,04,769","1,83,33,78,931.95","-"
"07-Jun-2007","EQ","1,200.00","1,214.40","1,165.30","1,200.35","1,210.00","1,207.00","1,205.77","1,950.00","863.00","5,02,235","60,55,78,414.15","-"
"06-Jun-2007","EQ","1,215.00","1,217.00","1,178.20","1,208.05","1,201.00","1,200.35","1,205.55","1,950.00","863.00","9,58,005","1,15,49,18,274.75","-"
"05-Jun-2007","EQ","1,217.80","1,217.80","1,200.00","1,208.10","1,208.35","1,208.05","1,208.97","1,950.00","863.00","4,37,900","52,94,05,923.75","-"
"04-Jun-2007","EQ","1,228.00","1,250.00","1,202.00","1,218.70","1,204.00","1,208.10","1,214.94","1,950.00","863.00","4,63,346","56,29,39,735.75","-"
"01-Jun-2007","EQ","1,229.10","1,229.10","1,211.15","1,208.35","1,219.00","1,218.70","1,219.17","1,950.00","863.00","4,32,247","52,69,80,526.70","-"
"31-May-2007","EQ","1,229.00","1,229.00","1,200.00","1,215.65","1,214.00","1,208.35","1,212.33","1,950.00","863.00","12,94,123","1,56,89,04,157.45","-"
"30-May-2007","EQ","1,250.00","1,250.00","1,210.20","1,231.15","1,213.00","1,215.65","1,218.93","1,950.00","863.00","6,50,014","79,23,21,284.65","-"
"29-May-2007","EQ","1,224.90","1,235.00","1,220.00","1,225.50","1,230.10","1,231.15","1,229.36","1,950.00","863.00","7,41,820","91,19,61,223.35","-"
"28-May-2007","EQ","1,250.00","1,250.00","1,223.55","1,229.95","1,225.50","1,225.50","1,231.96","1,950.00","863.00","6,46,293","79,62,06,377.40","-"
"25-May-2007","EQ","1,220.95","1,235.00","1,208.00","1,224.75","1,231.00","1,229.95","1,222.74","1,950.00","863.00","13,11,042","1,60,30,66,575.55","-"
"24-May-2007","EQ","1,250.00","1,250.00","1,221.00","1,233.40","1,221.50","1,224.75","1,229.70","1,950.00","863.00","11,38,201","1,39,96,44,646.00","-"
"23-May-2007","EQ","1,241.50","1,241.50","1,225.10","1,230.65","1,232.00","1,233.40","1,234.02","1,950.00","863.00","3,17,953","39,23,61,635.65","-"
"22-May-2007","EQ","1,237.50","1,244.00","1,221.05","1,237.05","1,231.50","1,230.65","1,231.64","1,950.00","863.00","15,40,056","1,89,67,96,861.00","-"
"21-May-2007","EQ","1,270.00","1,270.00","1,230.00","1,252.85","1,232.10","1,237.05","1,238.34","1,950.00","863.00","7,14,211","88,44,35,374.95","-"
"18-May-2007","EQ","1,259.95","1,276.00","1,250.00","1,250.00","1,253.00","1,252.85","1,261.75","2,020.00","863.00","7,30,251","92,13,93,535.30","-"
"17-May-2007","EQ","1,233.10","1,253.70","1,230.00","1,224.20","1,249.25","1,250.00","1,243.92","2,020.00","863.00","7,32,815","91,15,62,354.45","-"
"16-May-2007","EQ","1,265.00","1,265.00","1,210.55","1,238.05","1,231.00","1,224.20","1,221.35","2,020.00","863.00","16,30,904","1,99,19,01,721.40","-"
"15-May-2007","EQ","1,260.00","1,260.00","1,225.00","1,250.25","1,238.50","1,238.05","1,232.73","2,020.00","863.00","10,50,780","1,29,53,32,993.10","-"
"14-May-2007","EQ","1,278.50","1,278.50","1,246.10","1,252.55","1,250.00","1,250.25","1,256.22","2,020.00","863.00","3,15,094","39,58,28,478.30","-"
"11-May-2007","EQ","1,250.00","1,259.00","1,210.00","1,229.70","1,257.30","1,252.55","1,241.48","2,092.00","863.00","9,66,914","1,20,04,03,472.05","-"
"10-May-2007","EQ","1,245.00","1,289.90","1,226.00","1,239.50","1,228.00","1,229.70","1,236.85","2,092.00","863.00","7,61,050","94,13,06,378.75","-"
"09-May-2007","EQ","1,300.00","1,300.00","1,225.00","1,266.55","1,245.05","1,239.50","1,240.22","2,092.00","863.00","11,74,957","1,45,72,05,599.95","-"
"08-May-2007","EQ","1,270.00","1,280.00","1,257.25","1,272.90","1,270.95","1,266.55","1,270.70","2,092.00","863.00","20,47,751","2,60,20,74,668.70","-"
"07-May-2007","EQ","1,282.00","1,284.90","1,265.15","1,273.05","1,279.00","1,272.90","1,274.47","2,092.00","863.00","13,88,332","1,76,93,89,545.50","-"
"04-May-2007","EQ","1,299.00","1,329.90","1,269.00","1,290.20","1,272.50","1,273.05","1,286.77","2,092.00","863.00","17,75,300","2,28,44,07,624.85","-"
"03-May-2007","EQ","1,274.80","1,294.80","1,272.55","1,266.00","1,290.00","1,290.20","1,288.12","2,092.00","863.00","16,60,757","2,13,92,54,577.75","-"
"30-Apr-2007","EQ","1,241.05","1,269.90","1,205.00","1,234.50","1,265.05","1,266.00","1,260.14","2,092.00","863.00","9,72,013","1,22,48,68,285.05","-"
"27-Apr-2007","EQ","1,235.00","1,236.50","1,217.25","1,240.40","1,234.90","1,234.50","1,228.85","2,092.00","863.00","12,01,321","1,47,62,41,012.95","-"
"26-Apr-2007","EQ","1,227.00","1,249.60","1,220.00","1,221.35","1,240.15","1,240.40","1,234.26","2,092.00","863.00","14,85,439","1,83,34,23,716.50","-"
"25-Apr-2007","EQ","1,225.00","1,226.90","1,208.00","1,224.85","1,221.00","1,221.35","1,210.75","2,092.00","863.00","54,38,101","6,58,41,69,411.35","-"
"24-Apr-2007","EQ","1,244.00","1,262.00","1,219.00","1,247.80","1,226.00","1,224.85","1,243.79","2,092.00","863.00","17,30,629","2,15,25,33,586.50","-"
"23-Apr-2007","EQ","1,255.00","1,269.80","1,245.00","1,257.65","1,245.00","1,247.80","1,254.25","2,092.00","863.00","5,66,306","71,02,91,703.45","-"
"20-Apr-2007","EQ","1,252.00","1,267.95","1,250.10","1,242.90","1,256.00","1,257.65","1,259.85","2,092.00","863.00","7,17,688","90,41,76,893.40","-"
"19-Apr-2007","EQ","1,230.00","1,248.00","1,205.10","1,247.50","1,243.65","1,242.90","1,239.43","2,092.00","863.00","7,91,163","98,05,89,094.00","-"
"18-Apr-2007","EQ","1,254.00","1,265.00","1,241.00","1,250.25","1,243.25","1,247.50","1,254.75","2,092.00","863.00","7,13,396","89,51,37,079.10","-"
"17-Apr-2007","EQ","1,285.70","1,315.00","1,238.00","1,280.25","1,252.00","1,250.25","1,251.19","2,092.00","863.00","26,16,241","3,27,34,04,112.05","-"
"16-Apr-2007","EQ","1,284.00","1,305.90","1,270.25","1,262.00","1,278.80","1,280.25","1,284.91","2,092.00","863.00","24,96,555","3,20,78,44,915.35","-"
"13-Apr-2007","EQ","1,210.00","1,268.40","1,194.00","1,200.95","1,264.00","1,262.00","1,245.03","2,092.00","863.00","24,44,712","3,04,37,42,584.85","-"
"12-Apr-2007","EQ","1,188.00","1,209.00","1,172.00","1,190.55","1,203.00","1,200.95","1,194.84","2,092.00","863.00","9,23,739","1,10,37,23,025.25","-"
"11-Apr-2007","EQ","1,205.40","1,209.45","1,187.00","1,197.35","1,191.00","1,190.55","1,194.75","2,092.00","863.00","9,56,584","1,14,28,74,997.80","-"
"10-Apr-2007","EQ","1,217.20","1,225.00","1,195.35","1,217.20","1,198.00","1,197.35","1,204.88","2,092.00","863.00","8,70,060","1,04,83,17,725.75","-"
"09-Apr-2007","EQ","1,200.50","1,226.75","1,200.50","1,194.20","1,219.85","1,217.20","1,218.55","2,092.00","863.00","5,71,131","69,59,52,023.85","-"
"05-Apr-2007","EQ","1,199.45","1,206.00","1,186.10","1,198.40","1,195.00","1,194.20","1,199.71","2,092.00","863.00","6,33,498","76,00,10,862.60","-"
"04-Apr-2007","EQ","1,218.00","1,224.70","1,190.40","1,202.65","1,191.05","1,198.40","1,202.33","2,092.00","863.00","6,00,624","72,21,46,440.65","-"
"03-Apr-2007","EQ","1,195.00","1,216.80","1,188.00","1,189.20","1,204.00","1,202.65","1,204.41","2,092.00","863.00","8,14,213","98,06,43,665.60","-"
"02-Apr-2007","EQ","1,210.00","1,220.00","1,185.00","1,233.85","1,187.00","1,189.20","1,201.50","2,092.00","863.00","9,68,974","1,16,42,25,456.10","-"
"30-Mar-2007","EQ","1,248.35","1,254.80","1,220.25","1,248.35","1,234.50","1,233.85","1,231.45","2,092.00","863.00","7,01,764","86,41,88,421.50","-"
"29-Mar-2007","EQ","1,188.95","1,256.80","1,188.95","1,201.00","1,244.80","1,248.35","1,234.49","2,092.00","863.00","25,66,656","3,16,85,16,984.15","-"
"28-Mar-2007","EQ","1,269.90","1,269.90","1,194.05","1,261.35","1,200.00","1,201.00","1,218.47","2,092.00","863.00","22,04,512","2,68,61,23,438.55","-"
"26-Mar-2007","EQ","1,285.00","1,298.70","1,255.25","1,288.20","1,262.10","1,261.35","1,276.85","2,092.00","863.00","15,24,684","1,94,67,93,063.15","-"
"23-Mar-2007","EQ","1,312.00","1,320.00","1,280.00","1,303.05","1,282.00","1,288.20","1,300.97","2,092.00","863.00","13,16,324","1,71,24,95,318.35","-"
"22-Mar-2007","EQ","1,277.00","1,307.00","1,277.00","1,267.00","1,307.00","1,303.05","1,299.46","2,092.00","863.00","10,31,398","1,34,02,64,096.75","-"
"21-Mar-2007","EQ","1,261.00","1,269.40","1,240.00","1,253.00","1,268.00","1,267.00","1,253.71","2,092.00","863.00","4,92,509","61,74,62,160.80","-"
"20-Mar-2007","EQ","1,260.00","1,276.50","1,248.00","1,260.90","1,250.00","1,253.00","1,264.27","2,092.00","863.00","6,93,898","87,72,71,425.60","-"
"19-Mar-2007","EQ","1,216.30","1,264.75","1,201.80","1,237.65","1,257.00","1,260.90","1,254.71","2,092.00","863.00","3,03,424","38,07,08,600.70","-"
"16-Mar-2007","EQ","1,241.40","1,257.85","1,215.15","1,234.30","1,235.00","1,237.65","1,239.23","2,092.00","863.00","10,56,071","1,30,87,14,317.00","-"
"15-Mar-2007","EQ","1,230.00","1,251.00","1,228.00","1,213.55","1,240.00","1,234.30","1,240.48","2,092.00","863.00","9,55,822","1,18,56,73,675.35","-"
"14-Mar-2007","EQ","1,225.00","1,241.90","1,205.00","1,265.40","1,209.60","1,213.55","1,227.40","2,092.00","863.00","9,56,237","1,17,36,85,390.35","-"
"13-Mar-2007","EQ","1,225.50","1,268.90","1,200.10","1,235.00","1,264.00","1,265.40","1,252.79","2,092.00","863.00","5,08,022","63,64,42,582.95","-"
"12-Mar-2007","EQ","1,224.70","1,253.70","1,211.00","1,212.15","1,242.00","1,235.00","1,241.26","2,092.00","863.00","9,09,234","1,12,85,92,760.65","-"
"09-Mar-2007","EQ","1,228.30","1,233.00","1,198.00","1,218.40","1,214.00","1,212.15","1,210.46","2,092.00","863.00","8,08,037","97,80,93,919.40","-"
"08-Mar-2007","EQ","1,190.00","1,229.70","1,190.00","1,191.80","1,226.10","1,218.40","1,214.14","2,092.00","863.00","5,68,747","69,05,40,087.30","-"
"07-Mar-2007","EQ","1,202.00","1,224.70","1,157.40","1,197.25","1,207.75","1,191.80","1,183.60","2,092.00","863.00","11,10,158","1,31,39,80,250.90","-"
"06-Mar-2007","EQ","1,210.00","1,335.00","1,161.10","1,155.55","1,195.00","1,197.25","1,191.37","2,092.00","863.00","9,05,980","1,07,93,58,405.95","-"
"05-Mar-2007","EQ","1,190.00","1,199.00","1,150.00","1,208.55","1,157.00","1,155.55","1,159.90","2,092.00","863.00","12,80,220","1,48,49,27,260.35","-"
"02-Mar-2007","EQ","1,254.80","1,260.00","1,201.00","1,254.65","1,203.85","1,208.55","1,235.64","2,092.00","863.00","13,27,938","1,64,08,47,357.45","-"
"01-Mar-2007","EQ","1,200.00","1,268.00","1,190.40","1,193.40","1,251.00","1,254.65","1,236.06","2,092.00","863.00","19,64,641","2,42,84,14,807.00","-"
"28-Feb-2007","EQ","1,233.00","1,244.95","1,172.00","1,264.15","1,190.00","1,193.40","1,211.62","2,092.00","863.00","23,36,989","2,83,15,47,296.10","-"
"27-Feb-2007","EQ","1,254.00","1,294.20","1,254.00","1,286.10","1,260.00","1,264.15","1,279.24","2,092.00","863.00","11,77,492","1,50,62,98,207.70","-"
"26-Feb-2007","EQ","1,272.00","1,293.85","1,232.50","1,277.35","1,287.20","1,286.10","1,269.70","2,092.00","863.00","11,69,421","1,48,48,09,869.40","-"
"23-Feb-2007","EQ","1,295.00","1,299.50","1,273.00","1,294.30","1,274.25","1,277.35","1,282.61","2,092.00","863.00","7,91,922","1,01,57,28,897.90","-"
"22-Feb-2007","EQ","1,300.00","1,312.40","1,286.00","1,283.85","1,300.00","1,294.30","1,299.10","2,092.00","863.00","17,34,778","2,25,36,43,393.85","-"
"21-Feb-2007","EQ","1,300.00","1,311.75","1,280.00","1,299.55","1,285.00","1,283.85","1,297.63","2,092.00","863.00","9,84,547","1,27,75,78,680.50","-"
"20-Feb-2007","EQ","1,313.90","1,323.80","1,295.00","1,309.80","1,302.00","1,299.55","1,312.42","2,092.00","863.00","13,50,037","1,77,18,11,204.05","-"
"19-Feb-2007","EQ","1,301.40","1,318.70","1,295.20","1,292.25","1,311.10","1,309.80","1,308.96","2,092.00","863.00","11,84,674","1,55,06,91,047.60","-"
"15-Feb-2007","EQ","1,265.00","1,300.00","1,225.10","1,260.75","1,300.00","1,292.25","1,285.17","2,092.00","863.00","9,18,389","1,18,02,82,802.60","-"
"14-Feb-2007","EQ","1,253.00","1,267.00","1,240.00","1,252.90","1,261.00","1,260.75","1,254.99","2,092.00","863.00","7,84,469","98,44,99,689.55","-"
"13-Feb-2007","EQ","1,256.00","1,284.90","1,235.00","1,255.80","1,260.00","1,252.90","1,263.20","2,092.00","863.00","10,32,588","1,30,43,62,950.40","-"
"12-Feb-2007","EQ","1,250.00","1,298.70","1,250.00","1,287.40","1,262.00","1,255.80","1,265.60","2,092.00","863.00","4,46,597","56,52,13,106.55","-"
"09-Feb-2007","EQ","1,309.40","1,317.45","1,283.15","1,304.50","1,285.00","1,287.40","1,292.39","2,092.00","863.00","4,98,340","64,40,48,947.15","-"
"08-Feb-2007","EQ","1,311.40","1,314.90","1,297.35","1,306.30","1,305.10","1,304.50","1,306.00","2,092.00","863.00","6,62,506","86,52,30,885.20","-"
"07-Feb-2007","EQ","1,300.00","1,312.40","1,295.20","1,298.40","1,310.00","1,306.30","1,302.18","2,092.00","863.00","6,49,996","84,64,11,379.90","-"
"06-Feb-2007","EQ","1,313.00","1,313.90","1,290.05","1,305.80","1,297.00","1,298.40","1,299.96","2,092.00","863.00","8,52,991","1,10,88,58,022.65","-"
"05-Feb-2007","EQ","1,305.00","1,313.90","1,294.00","1,300.50","1,304.00","1,305.80","1,306.23","2,092.00","863.00","7,52,684","98,31,78,791.20","-"
"02-Feb-2007","EQ","1,299.00","1,307.00","1,295.05","1,292.05","1,300.00","1,300.50","1,302.24","2,092.00","863.00","10,68,654","1,39,16,42,997.55","-"
"01-Feb-2007","EQ","1,289.95","1,295.00","1,275.00","1,277.90","1,290.00","1,292.05","1,288.29","2,092.00","863.00","4,64,976","59,90,21,746.45","-"
"31-Jan-2007","EQ","1,297.10","1,313.90","1,272.00","1,297.75","1,276.00","1,277.90","1,289.06","2,092.00","863.00","12,16,482","1,56,81,13,746.15","-"
"29-Jan-2007","EQ","1,315.00","1,315.00","1,291.00","1,315.45","1,296.25","1,297.75","1,303.04","2,092.00","863.00","7,45,581","97,15,25,253.75","-"
"25-Jan-2007","EQ","1,325.00","1,369.00","1,302.90","1,307.15","1,309.00","1,315.45","1,314.35","2,092.00","863.00","13,88,494","1,82,49,73,255.30","-"
"24-Jan-2007","EQ","1,311.50","1,314.00","1,298.15","1,302.70","1,307.00","1,307.15","1,306.39","2,092.00","863.00","5,88,787","76,91,83,342.70","-"
"23-Jan-2007","EQ","1,313.10","1,313.95","1,300.00","1,313.45","1,300.00","1,302.70","1,306.70","2,092.00","863.00","7,81,038","1,02,05,84,864.80","-"
"22-Jan-2007","EQ","1,300.10","1,322.40","1,290.05","1,298.15","1,310.00","1,313.45","1,309.07","2,092.00","863.00","7,95,239","1,04,10,20,572.05","-"
"19-Jan-2007","EQ","1,315.45","1,326.50","1,292.15","1,315.45","1,295.00","1,298.15","1,305.29","2,092.00","863.00","7,20,514","94,04,77,764.05","-"
"18-Jan-2007","EQ","1,305.00","1,325.95","1,305.00","1,304.65","1,317.05","1,315.45","1,317.73","2,092.00","863.00","6,79,954","89,59,96,222.50","-"
"17-Jan-2007","EQ","1,329.90","1,335.00","1,300.00","1,324.10","1,304.00","1,304.65","1,316.47","2,092.00","863.00","6,58,457","86,68,38,243.05","-"
"16-Jan-2007","EQ","1,388.95","1,388.95","1,319.00","1,326.35","1,320.00","1,324.10","1,344.65","2,092.00","863.00","19,06,491","2,56,35,61,138.50","-"
"15-Jan-2007","EQ","1,350.00","1,368.00","1,300.05","1,323.95","1,330.00","1,326.35","1,339.69","2,092.00","863.00","30,63,958","4,10,47,63,791.00","-"
"12-Jan-2007","EQ","1,290.15","1,329.00","1,290.15","1,277.65","1,329.00","1,323.95","1,316.87","2,092.00","863.00","15,43,937","2,03,31,68,118.45","-"
"11-Jan-2007","EQ","1,198.90","1,298.00","1,198.90","1,235.40","1,276.00","1,277.65","1,260.62","2,092.00","863.00","18,50,166","2,33,23,57,619.05","-"
"10-Jan-2007","EQ","1,244.55","1,255.00","1,230.00","1,256.40","1,240.00","1,235.40","1,238.07","2,092.00","863.00","7,32,857","90,73,29,802.25","-"
"09-Jan-2007","EQ","1,247.90","1,261.85","1,225.25","1,243.80","1,258.00","1,256.40","1,244.34","2,092.00","863.00","10,05,142","1,25,07,34,852.30","-"
"08-Jan-2007","EQ","1,259.00","1,259.00","1,215.00","1,263.00","1,244.90","1,243.80","1,232.32","2,092.00","863.00","12,37,973","1,52,55,75,950.80","-"
"05-Jan-2007","EQ","1,265.00","1,268.60","1,253.10","1,259.05","1,265.00","1,263.00","1,261.46","2,092.00","863.00","6,79,685","85,73,95,399.90","-"
"04-Jan-2007","EQ","1,285.00","1,285.00","1,250.10","1,280.15","1,260.00","1,259.05","1,264.37","2,092.00","863.00","9,92,675","1,25,51,12,652.10","-"
"03-Jan-2007","EQ","1,253.00","1,288.00","1,239.15","1,248.50","1,285.00","1,280.15","1,260.29","2,092.00","863.00","10,96,243","1,38,15,87,376.10","-"
"02-Jan-2007","EQ","1,229.40","1,258.00","1,216.00","1,222.00","1,255.00","1,248.50","1,237.29","2,092.00","863.00","3,86,265","47,79,23,399.15","-"
"29-Dec-2006","EQ","1,213.45","1,229.40","1,202.50","1,211.90","1,222.50","1,222.00","1,221.13","2,092.00","863.00","4,68,617","57,22,44,029.65","-"
"28-Dec-2006","EQ","1,205.40","1,220.00","1,188.00","1,196.00","1,219.90","1,211.90","1,205.64","2,092.00","863.00","6,04,577","72,89,01,491.50","-"
"27-Dec-2006","EQ","1,195.00","1,206.00","1,181.05","1,191.40","1,198.00","1,196.00","1,195.02","2,092.00","863.00","5,98,600","71,53,38,172.80","-"
"26-Dec-2006","EQ","1,153.00","1,194.40","1,153.00","1,153.95","1,192.00","1,191.40","1,179.35","2,092.00","863.00","4,49,348","52,99,38,156.50","-"
"22-Dec-2006","EQ","1,135.00","1,160.00","1,128.10","1,136.95","1,155.00","1,153.95","1,143.45","2,092.00","863.00","4,37,504","50,02,65,023.50","-"
"21-Dec-2006","EQ","1,137.00","1,150.00","1,111.00","1,128.75","1,138.00","1,136.95","1,133.24","2,092.00","863.00","5,63,954","63,90,97,370.35","-"
"20-Dec-2006","EQ","1,150.00","1,167.85","1,115.05","1,141.85","1,120.00","1,128.75","1,140.84","2,092.00","863.00","9,38,915","1,07,11,47,498.05","-"
"19-Dec-2006","EQ","1,181.00","1,183.80","1,125.00","1,181.25","1,138.10","1,141.85","1,149.90","2,092.00","863.00","9,05,907","1,04,17,06,917.65","-"
"18-Dec-2006","EQ","1,155.00","1,188.40","1,124.00","1,160.20","1,186.00","1,181.25","1,154.66","2,092.00","863.00","5,87,856","67,87,71,589.60","-"
"15-Dec-2006","EQ","1,168.40","1,168.40","1,148.00","1,149.60","1,157.00","1,160.20","1,156.98","2,092.00","863.00","5,76,429","66,69,18,609.70","-"
"14-Dec-2006","EQ","1,105.05","1,160.00","1,105.05","1,120.85","1,156.00","1,149.60","1,135.01","2,092.00","863.00","7,29,006","82,74,28,273.75","-"
"13-Dec-2006","EQ","1,120.50","1,141.00","1,080.35","1,120.50","1,122.00","1,120.85","1,113.73","2,092.00","863.00","9,04,305","1,00,71,52,407.55","-"
"12-Dec-2006","EQ","1,170.00","1,180.00","1,105.00","1,173.45","1,108.00","1,120.50","1,136.99","2,092.00","863.00","12,79,575","1,45,48,58,795.55","-"
"11-Dec-2006","EQ","1,175.00","1,189.00","1,134.00","1,176.90","1,168.00","1,173.45","1,169.46","2,092.00","863.00","10,69,858","1,25,11,58,327.20","-"
"08-Dec-2006","EQ","1,199.00","1,199.00","1,173.35","1,194.30","1,178.00","1,176.90","1,178.95","2,092.00","863.00","4,71,817","55,62,47,893.60","-"
"07-Dec-2006","EQ","1,205.00","1,234.45","1,187.10","1,198.60","1,194.00","1,194.30","1,195.67","2,092.00","863.00","7,18,218","85,87,48,728.10","-"
"06-Dec-2006","EQ","1,172.20","1,207.00","1,172.20","1,191.90","1,199.00","1,198.60","1,194.36","2,092.00","863.00","7,95,214","94,97,74,179.70","-"
"05-Dec-2006","EQ","1,209.70","1,209.70","1,185.00","1,192.40","1,190.00","1,191.90","1,196.66","2,092.00","863.00","5,29,119","63,31,74,690.50","-"
"04-Dec-2006","EQ","1,200.00","1,211.00","1,190.00","1,189.35","1,190.25","1,192.40","1,196.79","2,092.00","863.00","5,58,523","66,84,33,970.95","-"
"01-Dec-2006","EQ","1,200.00","1,200.00","1,181.25","1,198.80","1,184.00","1,189.35","1,190.22","2,092.00","863.00","9,40,535","1,11,94,47,201.00","-"
"30-Nov-2006","EQ","1,172.80","1,205.00","1,166.00","1,164.55","1,195.00","1,198.80","1,191.07","2,092.00","863.00","15,63,638","1,86,23,98,921.50","-"
"29-Nov-2006","EQ","1,160.00","1,168.80","1,150.00","1,149.85","1,166.90","1,164.55","1,159.99","2,092.00","863.00","6,50,789","75,49,11,780.40","-"
"28-Nov-2006","EQ","1,150.00","1,156.00","1,111.15","1,160.80","1,151.00","1,149.85","1,145.45","2,092.00","863.00","6,70,740","76,82,97,833.40","-"
"27-Nov-2006","EQ","1,150.00","1,164.00","1,150.00","1,150.00","1,160.00","1,160.80","1,158.48","2,092.00","863.00","7,33,427","84,96,57,143.90","-"
"24-Nov-2006","EQ","1,150.00","1,156.90","1,136.15","1,144.15","1,149.25","1,150.00","1,151.20","2,092.00","863.00","8,01,326","92,24,85,393.80","-"
"23-Nov-2006","EQ","1,156.00","1,169.40","1,140.00","1,148.10","1,141.00","1,144.15","1,153.67","2,092.00","863.00","9,67,581","1,11,62,71,611.30","-"
"22-Nov-2006","EQ","1,154.00","1,171.00","1,135.35","1,148.55","1,143.00","1,148.10","1,153.91","2,092.00","863.00","13,97,866","1,61,30,13,187.30","-"
"21-Nov-2006","EQ","1,116.20","1,152.00","1,114.00","1,117.85","1,146.30","1,148.55","1,137.42","2,092.00","863.00","10,39,538","1,18,23,86,982.10","-"
"20-Nov-2006","EQ","1,085.05","1,121.00","1,065.55","1,095.15","1,119.60","1,117.85","1,105.74","2,092.00","863.00","12,93,734","1,43,05,35,360.75","-"
"17-Nov-2006","EQ","1,094.00","1,097.50","1,081.20","1,087.35","1,093.00","1,095.15","1,090.82","2,092.00","863.00","5,55,421","60,58,65,946.85","-"
"16-Nov-2006","EQ","1,100.00","1,106.00","1,083.50","1,096.80","1,085.00","1,087.35","1,093.28","2,092.00","863.00","5,25,422","57,44,32,503.70","-"
"15-Nov-2006","EQ","1,115.00","1,122.00","1,090.55","1,106.25","1,093.00","1,096.80","1,106.00","2,092.00","863.00","6,74,510","74,60,07,007.50","-"
"14-Nov-2006","EQ","1,081.00","1,110.00","1,081.00","1,075.75","1,106.60","1,106.25","1,100.04","2,092.00","863.00","15,00,965","1,65,11,16,382.35","-"
"13-Nov-2006","EQ","1,070.80","1,080.00","1,066.10","1,068.70","1,077.00","1,075.75","1,073.50","2,092.00","863.00","5,05,829","54,30,05,949.70","-"
"10-Nov-2006","EQ","1,070.00","1,094.70","1,065.10","1,063.60","1,068.60","1,068.70","1,069.09","2,092.00","863.00","8,28,369","88,56,02,542.05","-"
"09-Nov-2006","EQ","1,069.00","1,075.00","1,053.35","1,063.30","1,065.00","1,063.60","1,063.70","2,092.00","863.00","8,41,355","89,49,50,867.45","-"
"08-Nov-2006","EQ","1,065.00","1,070.90","1,051.15","1,065.15","1,062.00","1,063.30","1,060.24","2,092.00","863.00","6,09,190","64,58,86,017.60","-"
"07-Nov-2006","EQ","1,074.00","1,084.90","1,060.20","1,059.40","1,062.00","1,065.15","1,068.07","2,092.00","863.00","8,04,795","85,95,77,524.75","-"
"06-Nov-2006","EQ","1,066.50","1,069.90","1,056.00","1,066.95","1,059.80","1,059.40","1,060.41","2,092.00","863.00","6,34,223","67,25,36,956.50","-"
"03-Nov-2006","EQ","1,085.00","1,088.00","1,058.00","1,080.05","1,069.00","1,066.95","1,067.48","2,092.00","863.00","7,86,110","83,91,59,335.40","-"
"02-Nov-2006","EQ","1,090.00","1,090.00","1,072.00","1,083.20","1,080.00","1,080.05","1,078.88","2,092.00","863.00","5,51,094","59,45,66,221.55","-"
"01-Nov-2006","EQ","1,097.00","1,105.90","1,080.30","1,087.10","1,083.00","1,083.20","1,088.32","2,092.00","863.00","4,77,726","51,99,19,014.50","-"
"31-Oct-2006","EQ","1,080.00","1,098.80","1,075.10","1,079.35","1,086.00","1,087.10","1,087.28","2,092.00","863.00","8,57,734","93,25,93,015.70","-"
"30-Oct-2006","EQ","1,076.00","1,088.00","1,060.20","1,074.65","1,075.10","1,079.35","1,073.48","2,092.00","863.00","10,38,543","1,11,48,50,209.50","-"
"27-Oct-2006","EQ","1,081.15","1,090.00","1,062.40","1,079.25","1,076.00","1,074.65","1,072.89","2,092.00","863.00","7,81,602","83,85,73,721.70","-"
"26-Oct-2006","EQ","1,081.00","1,091.90","1,075.00","1,080.10","1,085.00","1,079.25","1,085.12","2,092.00","863.00","12,85,053","1,39,44,30,695.80","-"
"23-Oct-2006","EQ","1,094.90","1,094.90","1,061.40","1,090.55","1,081.00","1,080.10","1,078.71","2,092.00","863.00","3,31,976","35,81,06,863.30","-"
"21-Oct-2006","EQ","1,109.00","1,109.00","1,088.10","1,089.60","1,089.50","1,090.55","1,092.64","2,092.00","863.00","1,06,826","11,67,22,504.95","-"
"20-Oct-2006","EQ","1,100.00","1,102.00","1,086.10","1,092.40","1,089.00","1,089.60","1,096.60","2,092.00","863.00","5,32,351","58,37,78,603.05","-"
"19-Oct-2006","EQ","1,106.00","1,112.75","1,082.65","1,106.25","1,089.95","1,092.40","1,096.08","2,092.00","863.00","7,75,905","85,04,53,711.60","-"
"18-Oct-2006","EQ","1,110.10","1,117.00","1,101.00","1,116.90","1,105.00","1,106.25","1,107.35","2,092.00","863.00","12,48,771","1,38,28,30,071.35","-"
"17-Oct-2006","EQ","1,142.00","1,169.75","1,110.00","1,129.70","1,114.00","1,116.90","1,127.10","2,092.00","863.00","21,87,304","2,46,53,11,013.55","-"
"16-Oct-2006","EQ","1,125.00","1,150.00","1,115.00","1,103.60","1,134.00","1,129.70","1,133.67","2,092.00","863.00","24,31,765","2,75,68,25,094.35","-"
"13-Oct-2006","EQ","1,089.40","1,120.00","1,082.10","1,082.55","1,118.00","1,103.60","1,095.76","2,092.00","863.00","12,18,528","1,33,52,19,703.75","-"
"12-Oct-2006","EQ","1,050.00","1,085.00","1,041.00","1,044.75","1,084.00","1,082.55","1,067.51","2,092.00","863.00","12,63,212","1,34,84,91,299.55","-"
"11-Oct-2006","EQ","1,030.00","1,079.40","1,030.00","1,011.50","1,046.00","1,044.75","1,046.80","2,092.00","863.00","16,93,429","1,77,26,77,155.10","-"
"10-Oct-2006","EQ","1,003.00","1,017.80","1,003.00","1,002.15","1,015.00","1,011.50","1,009.44","2,092.00","863.00","6,92,445","69,89,82,216.95","-"
"09-Oct-2006","EQ","985.00","1,009.00","980.55","994.20","1,001.50","1,002.15","1,000.69","2,092.00","863.00","3,86,708","38,69,75,569.15","-"
"06-Oct-2006","EQ","1,001.00","1,007.00","988.00","999.75","995.90","994.20","995.32","2,092.00","863.00","6,91,736","68,85,00,351.05","-"
"05-Oct-2006","EQ","998.00","1,009.00","993.00","987.40","998.30","999.75","1,002.18","2,092.00","863.00","14,62,350","1,46,55,30,891.85","-"
"04-Oct-2006","EQ","1,016.00","1,016.00","983.35","1,014.30","989.35","987.40","990.59","2,092.00","863.00","17,36,907","1,72,05,71,193.45","-"
"03-Oct-2006","EQ","1,035.00","1,035.00","1,009.00","1,022.05","1,014.00","1,014.30","1,017.74","2,092.00","863.00","4,08,178","41,54,19,966.30","-"
"29-Sep-2006","EQ","1,022.10","1,035.10","1,020.00","1,020.45","1,022.00","1,022.05","1,024.88","2,092.00","863.00","4,38,201","44,91,03,888.10","-"
"28-Sep-2006","EQ","1,045.05","1,049.00","1,013.00","1,042.65","1,015.40","1,020.45","1,024.22","2,092.00","863.00","15,30,393","1,56,74,52,225.55","-"
"27-Sep-2006","EQ","1,050.00","1,055.00","1,036.15","1,044.30","1,044.50","1,042.65","1,046.60","2,092.00","863.00","8,38,185","87,72,42,235.25","-"
"26-Sep-2006","EQ","1,030.00","1,050.00","1,024.90","1,025.60","1,044.15","1,044.30","1,039.98","2,092.00","863.00","9,29,252","96,64,02,083.75","-"
"25-Sep-2006","EQ","1,047.00","1,050.00","1,022.25","1,039.55","1,028.00","1,025.60","1,032.06","2,092.00","863.00","3,37,395","34,82,11,918.00","-"
"22-Sep-2006","EQ","1,045.00","1,053.85","1,030.10","1,053.00","1,037.10","1,039.55","1,041.23","2,092.00","863.00","6,22,161","64,78,13,322.85","-"
"21-Sep-2006","EQ","1,032.00","1,057.90","1,018.00","1,030.05","1,055.10","1,053.00","1,045.30","2,092.00","863.00","12,76,796","1,33,46,35,293.50","-"
"20-Sep-2006","EQ","1,011.00","1,034.00","994.10","1,010.05","1,032.00","1,030.05","1,019.12","2,092.00","863.00","6,73,974","68,68,58,673.00","-"
"19-Sep-2006","EQ","997.00","1,020.00","990.40","996.15","1,006.00","1,010.05","1,011.21","2,092.00","863.00","9,93,486","1,00,46,18,201.30","-"
"18-Sep-2006","EQ","1,007.00","1,011.00","992.10","1,002.70","998.00","996.15","998.94","2,092.00","863.00","3,47,597","34,72,29,456.30","-"
"15-Sep-2006","EQ","1,014.00","1,014.00","996.70","1,013.40","1,002.90","1,002.70","1,004.67","2,092.00","863.00","5,89,925","59,26,78,518.30","-"
"14-Sep-2006","EQ","1,009.00","1,016.00","1,001.90","999.95","1,014.00","1,013.40","1,011.68","2,092.00","863.00","5,97,182","60,41,56,373.60","-"
"13-Sep-2006","EQ","983.00","1,008.00","981.00","977.90","1,005.00","999.95","996.99","2,092.00","863.00","5,76,908","57,51,68,844.90","-"
"12-Sep-2006","EQ","955.00","980.00","952.00","953.45","976.00","977.90","969.07","2,092.00","863.00","4,58,814","44,46,24,113.35","-"
"11-Sep-2006","EQ","999.00","999.00","949.00","991.00","958.95","953.45","967.74","2,092.00","863.00","10,18,370","98,55,20,583.35","-"
"08-Sep-2006","EQ","1,006.00","1,006.00","985.00","986.70","988.10","991.00","989.91","2,092.00","863.00","3,92,641","38,86,78,728.85","-"
"07-Sep-2006","EQ","980.30","995.00","980.30","993.60","988.45","986.70","986.64","2,092.00","863.00","3,95,896","39,06,07,294.45","-"
"06-Sep-2006","EQ","1,017.50","1,017.50","991.10","1,005.80","993.00","993.60","998.89","2,092.00","863.00","7,00,108","69,93,32,825.75","-"
"05-Sep-2006","EQ","1,023.00","1,030.00","1,001.00","1,017.15","1,003.55","1,005.80","1,010.33","2,092.00","863.00","9,86,322","99,65,15,062.90","-"
"04-Sep-2006","EQ","999.00","1,020.00","999.00","999.25","1,015.00","1,017.15","1,014.12","2,092.00","863.00","5,02,623","50,97,21,977.25","-"
"01-Sep-2006","EQ","996.00","1,001.00","991.10","998.05","998.00","999.25","997.51","2,092.00","863.00","4,32,182","43,11,05,788.35","-"
"31-Aug-2006","EQ","984.00","1,004.00","984.00","983.80","989.00","998.05","996.43","2,092.00","863.00","15,19,214","1,51,37,87,137.50","-"
"30-Aug-2006","EQ","991.10","995.00","981.05","990.10","981.50","983.80","988.07","2,092.00","863.00","6,86,193","67,80,05,525.65","-"